{
  "modes": [
    {
      "mode": "A",
      "precision_at_5": 0.24000000000000002,
      "latency_ms_p50": 167.1640204731375,
      "latency_ms_p95": 305.9310829266906,
      "latency_ms_mean": 187.34683500467023,
      "per_query": [
        {
          "query_id": "q1-oauth-stripe",
          "precision_at_5": 0.2,
          "latency_ms_samples": [
            191.37000001501292,
            546.4835839811713,
            171.9478750601411,
            130.41375007014722,
            163.52425003424287
          ],
          "retrieved_budget_ids": [
            "BUD-2024-099",
            "BUD-2024-045",
            "BUD-2024-014",
            "BUD-2024-014",
            "BUD-2024-099"
          ],
          "hit_budget_ids": [
            "BUD-2024-014",
            "BUD-2024-014"
          ]
        },
        {
          "query_id": "q2-jwt-api",
          "precision_at_5": 0.2,
          "latency_ms_samples": [
            188.42437502462417,
            173.74220793135464,
            193.27304197940975,
            209.6045829821378,
            159.77129200473428
          ],
          "retrieved_budget_ids": [
            "BUD-2024-014",
            "BUD-2024-014",
            "BUD-2023-078",
            "BUD-2024-056",
            "BUD-2024-067"
          ],
          "hit_budget_ids": [
            "BUD-2024-067"
          ]
        },
        {
          "query_id": "q3-crm-paraphrase",
          "precision_at_5": 0.2,
          "latency_ms_samples": [
            166.50033299811184,
            171.44441697746515,
            183.8596659945324,
            154.93529196828604,
            163.35612500552088
          ],
          "retrieved_budget_ids": [
            "BUD-2024-067",
            "BUD-2024-067",
            "BUD-2024-067",
            "BUD-2024-067",
            "BUD-2023-078"
          ],
          "hit_budget_ids": [
            "BUD-2023-078"
          ]
        },
        {
          "query_id": "q4-payments-mobile",
          "precision_at_5": 0.4,
          "latency_ms_samples": [
            158.69529196061194,
            305.9310829266906,
            152.89495803881437,
            161.29120800178498,
            149.8772919876501
          ],
          "retrieved_budget_ids": [
            "BUD-2024-014",
            "BUD-2024-014",
            "BUD-2025-019",
            "BUD-2024-099",
            "BUD-2024-056"
          ],
          "hit_budget_ids": [
            "BUD-2025-019",
            "BUD-2024-099"
          ]
        },
        {
          "query_id": "q5-data-platform",
          "precision_at_5": 0.2,
          "latency_ms_samples": [
            179.29079104214907,
            126.64479203522205,
            167.82770794816315,
            142.0595410745591,
            174.53058308456093
          ],
          "retrieved_budget_ids": [
            "BUD-2024-067",
            "BUD-2025-024",
            "BUD-2024-067",
            "BUD-2023-078",
            "BUD-2024-067"
          ],
          "hit_budget_ids": [
            "BUD-2025-024"
          ]
        }
      ]
    },
    {
      "mode": "B",
      "precision_at_5": 0.24000000000000002,
      "latency_ms_p50": 166.44250001991168,
      "latency_ms_p95": 211.99541597161442,
      "latency_ms_mean": 176.90685421500044,
      "per_query": [
        {
          "query_id": "q1-oauth-stripe",
          "precision_at_5": 0.2,
          "latency_ms_samples": [
            172.85754100885242,
            143.6284160008654,
            199.22200008295476,
            172.30625008232892,
            160.42874997947365
          ],
          "retrieved_budget_ids": [
            "BUD-2024-099",
            "BUD-2024-045",
            "BUD-2024-014",
            "BUD-2024-014",
            "BUD-2024-099"
          ],
          "hit_budget_ids": [
            "BUD-2024-014",
            "BUD-2024-014"
          ]
        },
        {
          "query_id": "q2-jwt-api",
          "precision_at_5": 0.2,
          "latency_ms_samples": [
            166.2813329603523,
            163.82095904555172,
            179.3729590717703,
            133.50016705226153,
            161.0284170601517
          ],
          "retrieved_budget_ids": [
            "BUD-2024-014",
            "BUD-2024-014",
            "BUD-2023-078",
            "BUD-2024-056",
            "BUD-2024-067"
          ],
          "hit_budget_ids": [
            "BUD-2024-067"
          ]
        },
        {
          "query_id": "q3-crm-paraphrase",
          "precision_at_5": 0.2,
          "latency_ms_samples": [
            136.22104201931506,
            159.19266606215388,
            211.99541597161442,
            167.96566592529416,
            155.14070901554078
          ],
          "retrieved_budget_ids": [
            "BUD-2024-067",
            "BUD-2024-067",
            "BUD-2024-067",
            "BUD-2024-067",
            "BUD-2023-078"
          ],
          "hit_budget_ids": [
            "BUD-2023-078"
          ]
        },
        {
          "query_id": "q4-payments-mobile",
          "precision_at_5": 0.4,
          "latency_ms_samples": [
            182.54020798485726,
            166.60366707947105,
            163.51424995809793,
            172.4160829326138,
            203.24429194442928
          ],
          "retrieved_budget_ids": [
            "BUD-2024-014",
            "BUD-2024-014",
            "BUD-2025-019",
            "BUD-2024-099",
            "BUD-2024-056"
          ],
          "hit_budget_ids": [
            "BUD-2025-019",
            "BUD-2024-099"
          ]
        },
        {
          "query_id": "q5-data-platform",
          "precision_at_5": 0.2,
          "latency_ms_samples": [
            191.48470903746784,
            169.6132499491796,
            161.55029193032533,
            155.26374999899417,
            369.42925001494586
          ],
          "retrieved_budget_ids": [
            "BUD-2024-067",
            "BUD-2025-024",
            "BUD-2024-067",
            "BUD-2023-078",
            "BUD-2024-067"
          ],
          "hit_budget_ids": [
            "BUD-2025-024"
          ]
        }
      ]
    },
    {
      "mode": "C",
      "precision_at_5": 0.12000000000000001,
      "latency_ms_p50": 242.6425000303425,
      "latency_ms_p95": 300.41191598866135,
      "latency_ms_mean": 247.6085781721243,
      "per_query": [
        {
          "query_id": "q1-oauth-stripe",
          "precision_at_5": 0.2,
          "latency_ms_samples": [
            378.34083405323327,
            250.88308297563344,
            232.52529196906835,
            253.78699996508658,
            291.1977500189096
          ],
          "retrieved_budget_ids": [
            "BUD-2024-099",
            "BUD-2024-014",
            "BUD-2024-014",
            "BUD-2024-099",
            "BUD-2024-067"
          ],
          "hit_budget_ids": [
            "BUD-2024-014",
            "BUD-2024-014"
          ]
        },
        {
          "query_id": "q2-jwt-api",
          "precision_at_5": 0.0,
          "latency_ms_samples": [
            305.0502080004662,
            244.0115000354126,
            254.37266705557704,
            255.48608298413455,
            221.8847080366686
          ],
          "retrieved_budget_ids": [
            "BUD-2024-014",
            "BUD-2024-014",
            "BUD-2023-078",
            "BUD-2024-099",
            "BUD-2024-099"
          ],
          "hit_budget_ids": []
        },
        {
          "query_id": "q3-crm-paraphrase",
          "precision_at_5": 0.0,
          "latency_ms_samples": [
            300.41191598866135,
            227.02300001401454,
            260.4356670053676,
            231.8851250456646,
            241.27350002527237
          ],
          "retrieved_budget_ids": [
            "BUD-2024-067",
            "BUD-2024-067",
            "BUD-2024-067",
            "BUD-2024-067",
            "BUD-CONC-DETAIL"
          ],